{
    "audio": true,
    "duration": 3000,
    "id": "TKr23u1o3i",
    "name": "\u653e\u7f6e\u5728\u684c\u9762\u4e0a",
    "subtask": [
        {
            "audio": true,
            "duration": 5000,
            "id": "STt3i2oi5m",
            "name": "\u5de6\u624b\u6301\u63e1\uff0c\u9876\u90e8\u5148\u63a5\u89e6\u684c\u9762",
            "times": 5,
            "video": false
        },
        {
            "audio": false,
            "duration": 0,
            "id": "ST3t0zjfie",
            "name": "\u5de6\u624b\u6301\u63e1\uff0c\u53f3\u4fa7\u5148\u63a5\u89e6\u684c\u9762",
            "times": 0,
            "video": false
        },
        {
            "audio": false,
            "duration": 0,
            "id": "STi5o2i49m",
            "name": "\u5de6\u624b\u6301\u63e1\uff0c\u5e95\u90e8\u5148\u63a5\u89e6\u684c\u9762",
            "times": 0,
            "video": false
        },
        {
            "audio": false,
            "duration": 0,
            "id": "ST5301i3m5",
            "name": "\u53f3\u624b\u6301\u63e1\uff0c\u9876\u90e8\u5148\u63a5\u89e6\u684c\u9762",
            "times": 0,
            "video": false
        },
        {
            "audio": false,
            "duration": 0,
            "id": "ST39vuwotm",
            "name": "\u53f3\u624b\u6301\u63e1\uff0c\u5de6\u4fa7\u5148\u63a5\u89e6\u684c\u9762",
            "times": 0,
            "video": false
        }
    ],
    "times": 3,
    "video": false
}