{
    "date": "2022.01.20",
    "description": "The first data collection task.",
    "id": "TL13r912je",
    "task": [
        {
            "audio": true,
            "duration": 3000,
            "id": "TKr23u1o3i",
            "name": "\u653e\u7f6e\u5728\u684c\u9762\u4e0a",
            "subtask": [
                {
                    "audio": true,
                    "duration": 5000,
                    "id": "STt3i2oi5m",
                    "name": "\u5de6\u624b\u6301\u63e1\uff0c\u9876\u90e8\u5148\u63a5\u89e6\u684c\u9762",
                    "times": 5,
                    "video": false
                },
                {
                    "audio": false,
                    "duration": 0,
                    "id": "ST3t0zjfie",
                    "name": "\u5de6\u624b\u6301\u63e1\uff0c\u53f3\u4fa7\u5148\u63a5\u89e6\u684c\u9762",
                    "times": 0,
                    "video": false
                },
                {
                    "audio": false,
                    "duration": 0,
                    "id": "STi5o2i49m",
                    "name": "\u5de6\u624b\u6301\u63e1\uff0c\u5e95\u90e8\u5148\u63a5\u89e6\u684c\u9762",
                    "times": 0,
                    "video": false
                },
                {
                    "audio": false,
                    "duration": 0,
                    "id": "ST5301i3m5",
                    "name": "\u53f3\u624b\u6301\u63e1\uff0c\u9876\u90e8\u5148\u63a5\u89e6\u684c\u9762",
                    "times": 0,
                    "video": false
                },
                {
                    "audio": false,
                    "duration": 0,
                    "id": "ST39vuwotm",
                    "name": "\u53f3\u624b\u6301\u63e1\uff0c\u5de6\u4fa7\u5148\u63a5\u89e6\u684c\u9762",
                    "times": 0,
                    "video": false
                }
            ],
            "times": 3,
            "video": false
        },
        {
            "audio": true,
            "duration": 3000,
            "id": "TKo4k24i9c",
            "name": "\u9065\u63a7\u5668",
            "subtask": [
                {
                    "audio": false,
                    "duration": 0,
                    "id": "STgi3m142j",
                    "name": "\u5c06\u624b\u673a\u6307\u5411\u81ea\u5df1",
                    "times": 0,
                    "video": false
                }
            ],
            "times": 4,
            "video": true
        },
        {
            "audio": false,
            "duration": 1000,
            "id": "TKc35z6k2d",
            "name": "Name",
            "subtask": [
                {
                    "audio": false,
                    "duration": 0,
                    "id": "STeoax0utd",
                    "name": "Name",
                    "times": 0,
                    "video": false
                }
            ],
            "times": 3,
            "video": false
        }
    ]
}